<?xml version="1.0" encoding="utf-8" ?>
<dwsync>
<file name="templatemo_body.jpg" server="C:/wamp/www/Crime/" local="130190696780000000" remote="130190696780000000" />
<file name="templatemo_button_01.jpg" server="C:/wamp/www/Crime/" local="130190696780000000" remote="130190696780000000" />
<file name="templatemo_button_01_hover.jpg" server="C:/wamp/www/Crime/" local="130190696780000000" remote="130190696780000000" />
<file name="templatemo_header.jpg" server="C:/wamp/www/Crime/" local="130190696780000000" remote="130190696780000000" />
<file name="templatemo_banner.jpg" server="C:/wamp/www/Crime/" local="130190696780000000" remote="130190696780000000" />
<file name="templatemo_menu_hover.png" server="C:/wamp/www/Crime/" local="130190696780000000" remote="130190696780000000" />
<file name="templatemo_content_middle.png" server="C:/wamp/www/Crime/" local="130190696780000000" remote="130190696780000000" />
<file name="templatemo_content_bottom.png" server="C:/wamp/www/Crime/" local="130190696780000000" remote="130190696780000000" />
<file name="templatemo_list_icon.png" server="C:/wamp/www/Crime/" local="130190696780000000" remote="130190696780000000" />
<file name="templatemo_logo.png" server="C:/wamp/www/Crime/" local="130190696780000000" remote="130190696780000000" />
<file name="article01.jpg" server="C:/wamp/www/Crime/" local="130190696780000000" remote="130190696780000000" />
<file name="article02.jpg" server="C:/wamp/www/Crime/" local="130190696780000000" remote="130190696780000000" />
<file name="article03.jpg" server="C:/wamp/www/Crime/" local="130190696780000000" remote="130190696780000000" />
<file name="article04.jpg" server="C:/wamp/www/Crime/" local="130190696780000000" remote="130190696780000000" />
<file name="Head.JPG" server="C:/wamp/www/Crime/" local="130257909620000000" remote="130257909620000000" />
</dwsync>